DISTANCE,AVERAGE DAILY TRAFFIC,SHOULDER,PAVEMENT,MEDIAN,LOCATION_encoded
25,0.007575757575757576,3.0,8.0,5.5,10
129,0.004438322620140802,2.8,12.0,5.4,19
10,0.004438322620140802,1.0,12.0,5.4,13
128,0.007575757575757576,2.8,8.0,5.5,21
25,0.005433119069482705,4.0,8.0,5.5,16
127,0.004438322620140802,1.0,12.0,5.4,6
30,0.007575757575757576,1.3,12.0,5.4,3
19,0.004438322620140802,2.8,12.0,5.4,18
2,0.007575757575757576,3.0,15.0,5.7,8
